NombreEquipo,NombreJugador,PrecioJugador,FechaNacimiento,Edad,Nacionalidad,Altura,Posicion,PartidosJugados,ValoracionPromedio,TotalGoles,TotalPasesGol,TotalGolesRecibidos,PorteriaImbatida,MinutosJugados
Manchester City,Ederson,"56,00 mill. €",17/08/1993,27,Brasil,"1,88 m",Portero,306,"2,17",0,0,251,145,27.227'
Manchester City,Zack Steffen,"6,00 mill. €",02/04/1995,25,Estados Unidos,"1,91 m",Portero,135,"1,53",0,0,187,38,12.240'
Manchester City,Scott Carson,500 mil €,03/09/1985,35,Inglaterra,"1,88 m",Portero,520,"1,44",0,0,657,153,46.770'
Manchester City,Rúben Dias,"70,00 mill. €",14/05/1997,23,Portugal,"1,87 m",Defensa central,244,"2,02",13,8,,0,21.641'
Manchester City,Aymeric Laporte,"50,00 mill. €",27/05/1994,26,Francia,"1,89 m",Defensa central,335,"1,88",17,10,,0,28.711'
Manchester City,Nathan Aké,"35,00 mill. €",18/02/1995,26,Países Bajos,"1,80 m",Defensa central,229,"1,45",17,12,,0,18.873'
Manchester City,John Stones,"30,00 mill. €",28/05/1994,26,Inglaterra,"1,88 m",Defensa central,294,"1,98",12,3,,0,22.807'
Manchester City,Eric García,"20,00 mill. €",09/01/2001,20,España,"1,83 m",Defensa central,83,"2,01",6,2,,0,6.753'
Manchester City,Philippe Sandler,"3,00 mill. €",10/02/1997,24,Países Bajos,"1,90 m",,0,0,0,0,0,0,0
Manchester City,Benjamin Mendy,"22,00 mill. €",17/07/1994,26,Francia,"1,85 m",Lateral izquierdo,272,"1,90",5,40,,0,22.206'
Manchester City,Oleksandr Zinchenko,"20,00 mill. €",15/12/1996,24,Ucrania,"1,75 m",Lateral izquierdo,155,"2,09",5,25,,0,10.902'
Manchester City,João Cancelo,"50,00 mill. €",27/05/1994,26,Portugal,"1,82 m",Lateral derecho,273,"1,81",11,42,,0,20.575'
Manchester City,Kyle Walker,"35,00 mill. €",28/05/1990,30,Inglaterra,"1,83 m",Lateral derecho,486,"2,00",11,46,,0,40.935'
Manchester City,Rodri,"70,00 mill. €",22/06/1996,24,España,"1,91 m",Pivote,266,"1,99",12,13,,0,19.219'
Manchester City,Fernandinho,"2,50 mill. €",04/05/1985,35,Brasil,"1,79 m",Pivote,630,"2,17",77,77,,0,49.534'
Manchester City,Phil Foden,"70,00 mill. €",28/05/2000,20,Inglaterra,"1,71 m",Mediocentro,153,"2,50",47,34,,0,9.237'
Manchester City,Ilkay Gündogan,"40,00 mill. €",24/10/1990,30,Alemania,"1,80 m",Mediocentro,451,"2,07",88,52,,0,32.780'
Manchester City,Kevin De Bruyne,"100,00 mill. €",28/06/1991,29,Bélgica,"1,81 m",Mediocentro ofensivo,482,"1,98",111,189,,0,36.789'
Manchester City,Bernardo Silva,"70,00 mill. €",10/08/1994,26,Portugal,"1,73 m",Mediocentro ofensivo,379,"2,20",70,66,,0,26.318'
Manchester City,Raheem Sterling,"100,00 mill. €",08/12/1994,26,Inglaterra,"1,70 m",Extremo izquierdo,432,"2,04",144,120,,0,32.497'
Manchester City,Ferran Torres,"50,00 mill. €",29/02/2000,21,España,"1,84 m",Extremo derecho,137,"1,82",18,20,,0,7.691'
Manchester City,Riyad Mahrez,"42,00 mill. €",21/02/1991,30,Argelia,"1,79 m",Extremo derecho,379,"1,82",94,84,,0,26.417'
Manchester City,Gabriel Jesus,"60,00 mill. €",03/04/1997,23,Brasil,"1,75 m",Delantero centro,235,"2,28",101,39,,0,14.948'
Manchester City,Sergio Agüero,"25,00 mill. €",02/06/1988,32,Argentina,"1,73 m",Delantero centro,652,"1,90",375,119,,0,47.944'
Liverpool FC,Alisson,"65,00 mill. €",02/10/1992,28,Brasil,"1,91 m",Portero,239,"2,01",0,0,220,103,21.407'
Liverpool FC,Caoimhin Kelleher,"2,50 mill. €",23/11/1998,22,Irlanda,"1,88 m",Portero,60,"1,63",0,0,93,16,5.400'
Liverpool FC,Adrián,"1,50 mill. €",03/01/1987,34,España,"1,90 m",Portero,253,"1,50",0,0,352,76,22.702'
Liverpool FC,Virgil van Dijk,"70,00 mill. €",08/07/1991,29,Países Bajos,"1,93 m",Defensa central,395,"1,92",43,18,,0,34.581'
Liverpool FC,Joe Gomez,"35,00 mill. €",23/05/1997,23,Inglaterra,"1,88 m",Defensa central,154,"2,06",1,5,,0,11.632'
Liverpool FC,Ozan Kabak,"25,00 mill. €",25/03/2000,21,Turquía,"1,86 m",Defensa central,84,"1,11",6,1,,0,6.787'
Liverpool FC,Joel Matip,"25,00 mill. €",08/08/1991,29,Camerún,"1,95 m",Defensa central,422,"1,79",40,22,,0,33.700'
Liverpool FC,Rhys Williams,"5,00 mill. €",03/02/2001,20,Inglaterra,"1,95 m",Defensa central,84,"2,01",8,5,,0,7.051'
Liverpool FC,Nathaniel Phillips,"5,00 mill. €",21/03/1997,24,Inglaterra,"1,90 m",Defensa central,61,"1,90",3,1,,0,4.790'
Liverpool FC,Ben Davies,"3,00 mill. €",11/08/1995,25,Inglaterra,"1,85 m",Defensa central,250,"1,42",3,6,,0,21.525'
Liverpool FC,Andrew Robertson,"70,00 mill. €",11/03/1994,27,Escocia,"1,78 m",Lateral izquierdo,368,"1,79",17,54,,0,31.550'
Liverpool FC,Konstantinos Tsimikas,"8,00 mill. €",12/05/1996,24,Grecia,"1,79 m",Lateral izquierdo,160,"1,86",9,19,,0,13.276'
Liverpool FC,Trent Alexander-Arnold,"100,00 mill. €",07/10/1998,22,Inglaterra,"1,80 m",Lateral derecho,187,"2,20",13,44,,0,14.895'
Liverpool FC,Neco Williams,"10,00 mill. €",13/04/2001,19,Gales,"1,83 m",Lateral derecho,97,"1,66",3,12,,0,7.597'
Liverpool FC,Fabinho,"60,00 mill. €",23/10/1993,27,Brasil,"1,88 m",Pivote,375,"1,97",36,30,,0,30.720'
Liverpool FC,Naby Keïta,"38,00 mill. €",10/02/1995,26,Guinea,"1,72 m",Mediocentro,250,"1,99",48,39,,0,17.204'
Liverpool FC,Georginio Wijnaldum,"35,00 mill. €",11/11/1990,30,Países Bajos,"1,75 m",Mediocentro,557,"1,87",116,56,,0,43.687'
Liverpool FC,Thiago,"35,00 mill. €",11/04/1991,29,España,"1,74 m",Mediocentro,408,"2,26",45,57,,0,28.170'
Liverpool FC,Curtis Jones,"30,00 mill. €",30/01/2001,20,Inglaterra,"1,85 m",Mediocentro,123,"1,79",48,20,,0,9.203'
Liverpool FC,Jordan Henderson,"22,00 mill. €",17/06/1990,30,Inglaterra,"1,87 m",Mediocentro,484,"1,81",36,64,,0,37.200'
Liverpool FC,Alex Oxlade-Chamberlain,"20,00 mill. €",15/08/1993,27,Inglaterra,"1,75 m",Mediocentro,346,"1,94",43,52,,0,18.122'
Liverpool FC,James Milner,"3,00 mill. €",04/01/1986,35,Inglaterra,"1,75 m",Mediocentro,762,"1,77",85,130,,0,51.737'
Liverpool FC,Ben Woodburn,"3,00 mill. €",15/10/1999,21,Gales,"1,74 m",Mediocentro ofensivo,97,"1,81",18,18,,0,6.366'
Liverpool FC,Sadio Mané,"100,00 mill. €",10/04/1992,28,Senegal,"1,74 m",Extremo izquierdo,392,"1,98",165,87,,0,30.636'
Liverpool FC,Diogo Jota,"40,00 mill. €",04/12/1996,24,Portugal,"1,78 m",Extremo izquierdo,237,"1,82",81,41,,0,16.442'
Liverpool FC,Mohamed Salah,"110,00 mill. €",15/06/1992,28,Egipto,"1,75 m",Extremo derecho,443,"1,91",196,98,,0,33.114'
Liverpool FC,Xherdan Shaqiri,"14,00 mill. €",10/10/1991,29,Suiza,"1,69 m",Extremo derecho,401,"1,92",74,72,,0,24.639'
Liverpool FC,Roberto Firmino,"55,00 mill. €",02/10/1991,29,Brasil,"1,81 m",Delantero centro,472,"1,73",141,103,,0,35.072'
Liverpool FC,Divock Origi,"16,00 mill. €",18/04/1995,25,Bélgica,"1,85 m",Delantero centro,284,"1,71",59,23,,0,13.560'
París Saint-Germain FC,Keylor Navas,"10,00 mill. €",15/12/1986,34,Costa Rica,"1,85 m",Portero,398,"1,91",0,0,384,146,35.783'
París Saint-Germain FC,Sergio Rico,"8,00 mill. €",01/09/1993,27,España,"1,95 m",Portero,258,"1,60",0,0,346,85,23.024'
París Saint-Germain FC,Alexandre Letellier,400 mil €,11/12/1990,30,Francia,"1,93 m",Portero,87,"1,26",0,0,112,20,7.920'
París Saint-Germain FC,Denis Franchi,250 mil €,22/10/2002,18,Italia,,Portero,27,"0,93",0,0,63,2,2.416'
París Saint-Germain FC,Mathyas Randriamamy,150 mil €,23/04/2003,17,Madagascar,"1,86 m",Portero,,,0,0,,,
París Saint-Germain FC,Marquinhos,"70,00 mill. €",14/05/1994,26,Brasil,"1,83 m",Defensa central,349,"2,30",27,9,,0,28.749'
París Saint-Germain FC,Presnel Kimpembe,"40,00 mill. €",13/08/1995,25,Francia,"1,89 m",Defensa central,176,"2,31",1,1,,0,14.771'
París Saint-Germain FC,Thilo Kehrer,"25,00 mill. €",21/09/1996,24,Alemania,"1,86 m",Defensa central,264,"2,15",14,14,,0,19.421'
París Saint-Germain FC,Abdou Diallo,"25,00 mill. €",04/05/1996,24,Senegal,"1,87 m",Defensa central,177,"1,89",7,6,,0,14.081'
París Saint-Germain FC,Timothée Pembélé,"4,00 mill. €",09/09/2002,18,Francia,"1,82 m",Defensa central,16,"2,00",3,3,,0,1.179'
París Saint-Germain FC,Juan Bernat,"16,00 mill. €",01/03/1993,28,España,"1,70 m",Lateral izquierdo,287,"2,02",20,27,,0,21.121'
París Saint-Germain FC,Layvin Kurzawa,"12,00 mill. €",04/09/1992,28,Francia,"1,82 m",Lateral izquierdo,244,"2,17",22,31,,0,18.540'
París Saint-Germain FC,Mitchel Bakker,"10,00 mill. €",20/06/2000,20,Países Bajos,"1,85 m",Lateral izquierdo,135,"2,16",4,12,,0,10.136'
París Saint-Germain FC,Alessandro Florenzi,"15,00 mill. €",11/03/1991,30,Italia,"1,73 m",Lateral derecho,439,"1,84",72,35,,0,31.402'
París Saint-Germain FC,Colin Dagba,"12,00 mill. €",06/09/1998,22,Francia,"1,70 m",Lateral derecho,66,"2,26",1,6,,0,3.863'
París Saint-Germain FC,Danilo Pereira,"24,00 mill. €",09/09/1991,29,Portugal,"1,88 m",Pivote,362,"1,83",29,11,,0,28.819'
París Saint-Germain FC,Leandro Paredes,"20,00 mill. €",29/06/1994,26,Argentina,"1,80 m",Pivote,262,"1,90",22,26,,0,17.159'
París Saint-Germain FC,Idrissa Gueye,"18,00 mill. €",26/09/1989,31,Senegal,"1,74 m",Pivote,389,"1,63",14,15,,0,29.619'
París Saint-Germain FC,Marco Verratti,"60,00 mill. €",05/11/1992,28,Italia,"1,65 m",Mediocentro,420,"2,23",11,69,,0,29.098'
París Saint-Germain FC,Rafinha,"15,00 mill. €",12/02/1993,28,Brasil,"1,74 m",Mediocentro,279,"1,77",41,34,,0,18.312'
París Saint-Germain FC,Ander Herrera,"15,00 mill. €",14/08/1989,31,España,"1,82 m",Mediocentro,457,"1,81",39,51,,0,31.221'
París Saint-Germain FC,Kays Ruiz-Atil,"3,00 mill. €",26/08/2002,18,Francia,"1,73 m",Mediocentro,19,"1,79",1,3,,0,973'
París Saint-Germain FC,Xavi Simons,500 mil €,21/04/2003,17,Países Bajos,"1,68 m",Mediocentro,7,"1,29",2,,,0,379'
París Saint-Germain FC,Julian Draxler,"20,00 mill. €",20/09/1993,27,Alemania,"1,87 m",Mediocentro ofensivo,436,"1,91",87,84,,0,27.763'
París Saint-Germain FC,Édouard Michut,500 mil €,04/03/2003,18,Francia,"1,78 m",Mediocentro ofensivo,3,"3,00",0,,,0,63'
París Saint-Germain FC,Neymar,"128,00 mill. €",05/02/1992,29,Brasil,"1,75 m",Extremo izquierdo,424,"2,12",258,158,,0,34.609'
París Saint-Germain FC,Ángel Di María,"28,00 mill. €",14/02/1988,33,Argentina,"1,80 m",Extremo derecho,630,"2,17",149,228,,0,42.617'
París Saint-Germain FC,Pablo Sarabia,"25,00 mill. €",11/05/1992,28,España,"1,74 m",Extremo derecho,415,"1,60",93,74,,0,26.677'
París Saint-Germain FC,Kylian Mbappé,"180,00 mill. €",20/12/1998,22,Francia,"1,78 m",Delantero centro,223,"2,29",150,77,,0,15.870'
París Saint-Germain FC,Mauro Icardi,"55,00 mill. €",19/02/1993,28,Argentina,"1,81 m",Delantero centro,344,"1,72",192,42,,0,25.918'
París Saint-Germain FC,Moise Kean,"30,00 mill. €",28/02/2000,21,Italia,"1,83 m",Delantero centro,168,"1,74",74,8,,0,9.107'
Bayern Múnich,Manuel Neuer,"18,00 mill. €",27/03/1986,35,Alemania,"1,93 m",Portero,683,"2,18",0,0,563,317,61.710'
Bayern Múnich,Alexander Nübel,"6,50 mill. €",30/09/1996,24,Alemania,"1,93 m",Portero,113,"1,29",0,0,166,30,9.829'
Bayern Múnich,Ron-Thorben Hoffmann,600 mil €,04/04/1999,21,Alemania,"1,92 m",Portero,120,"1,87",0,0,149,38,10.710'
Bayern Múnich,David Alaba,"55,00 mill. €",24/06/1992,28,Austria,"1,80 m",Defensa central,502,"2,26",43,63,,0,40.978'
Bayern Múnich,Niklas Süle,"37,00 mill. €",03/09/1995,25,Alemania,"1,95 m",Defensa central,297,"1,86",18,8,,0,23.989'
Bayern Múnich,Tanguy Nianzou,"11,00 mill. €",07/06/2002,18,Francia,"1,87 m",Defensa central,22,"2,50",3,3,,0,1.646'
Bayern Múnich,Jérôme Boateng,"10,00 mill. €",03/09/1988,32,Alemania,"1,90 m",Defensa central,544,"2,18",16,34,,0,42.827'
Bayern Múnich,Bright Arrey-Mbi,"1,00 mill. €",26/03/2003,18,Alemania,"1,87 m",Defensa central,47,"1,45",3,,,0,3.886'
Bayern Múnich,Alphonso Davies,"75,00 mill. €",02/11/2000,20,Canadá,"1,83 m",Lateral izquierdo,176,"1,94",19,27,,0,11.509'
Bayern Múnich,Lucas Hernández,"45,00 mill. €",14/02/1996,25,Francia,"1,84 m",Lateral izquierdo,200,"2,18",4,10,,0,14.670'
Bayern Múnich,Benjamin Pavard,"35,00 mill. €",28/03/1996,25,Francia,"1,86 m",Lateral derecho,187,"1,86",7,10,,0,15.374'
Bayern Múnich,Bouna Sarr,"5,50 mill. €",31/01/1992,29,Francia,"1,77 m",Lateral derecho,297,"1,61",16,23,,0,17.593'
Bayern Múnich,Joshua Kimmich,"90,00 mill. €",08/02/1995,26,Alemania,"1,77 m",Pivote,365,"2,32",40,86,,0,27.935'
Bayern Múnich,Marc Roca,"12,00 mill. €",26/11/1996,24,España,"1,84 m",Pivote,182,"1,46",9,6,,0,13.519'
Bayern Múnich,Javi Martínez,"6,50 mill. €",02/09/1988,32,España,"1,89 m",Pivote,512,"1,96",39,17,,0,37.821'
Bayern Múnich,Leon Goretzka,"70,00 mill. €",06/02/1995,26,Alemania,"1,89 m",Mediocentro,336,"1,91",75,56,,0,24.360'
Bayern Múnich,Corentin Tolisso,"25,00 mill. €",03/08/1994,26,Francia,"1,81 m",Mediocentro,254,"2,00",47,29,,0,17.870'
Bayern Múnich,Tiago Dantas,"4,00 mill. €",24/12/2000,20,Portugal,"1,70 m",Mediocentro,75,"1,44",11,8,,0,5.032'
Bayern Múnich,Jamal Musiala,"24,00 mill. €",26/02/2003,18,Alemania,"1,80 m",Mediocentro ofensivo,63,"2,35",12,3,,0,2.937'
Bayern Múnich,Kingsley Coman,"55,00 mill. €",13/06/1996,24,Francia,"1,80 m",Extremo izquierdo,222,"2,34",41,50,,0,12.952'
Bayern Múnich,Douglas Costa,"12,00 mill. €",14/09/1990,30,Brasil,"1,72 m",Extremo izquierdo,432,"2,25",65,97,,0,24.538'
Bayern Múnich,Serge Gnabry,"70,00 mill. €",14/07/1995,25,Alemania,"1,76 m",Extremo derecho,252,"2,07",87,50,,0,16.802'
Bayern Múnich,Leroy Sané,"60,00 mill. €",11/01/1996,25,Alemania,"1,83 m",Extremo derecho,310,"2,13",80,84,,0,19.569'
Bayern Múnich,Thomas Müller,"35,00 mill. €",13/09/1989,31,Alemania,"1,85 m",Mediapunta,659,"2,30",254,213,,0,49.746'
Bayern Múnich,Robert Lewandowski,"60,00 mill. €",21/08/1988,32,Polonia,"1,85 m",Delantero centro,626,"2,15",453,127,,0,51.327'
Bayern Múnich,Eric Maxim Choupo-Moting,"3,50 mill. €",23/03/1989,32,Camerún,"1,91 m",Delantero centro,409,"1,55",79,37,,0,24.057'
FC Barcelona,Marc-André ter Stegen,"75,00 mill. €",30/04/1992,28,Alemania,"1,87 m",Portero,467,"2,07",0,0,446,188,41.959'
FC Barcelona,Neto,"10,00 mill. €",19/07/1989,31,Brasil,"1,90 m",Portero,255,"1,77",0,0,264,90,22.958'
FC Barcelona,Iñaki Peña,"2,50 mill. €",02/03/1999,22,España,"1,84 m",Portero,60,"1,87",0,0,50,26,5.430'
FC Barcelona,Ronald Araújo,"25,00 mill. €",07/03/1999,22,Uruguay,"1,88 m",Defensa central,118,"1,69",13,5,,0,9.558'
FC Barcelona,Clément Lenglet,"25,00 mill. €",17/06/1995,25,Francia,"1,86 m",Defensa central,280,"1,92",13,5,,0,23.163'
FC Barcelona,Gerard Piqué,"12,00 mill. €",02/02/1987,34,España,"1,94 m",Defensa central,609,"2,26",55,14,,0,51.003'
FC Barcelona,Samuel Umtiti,"10,00 mill. €",14/11/1993,27,Francia,"1,82 m",Defensa central,299,"2,00",7,4,,0,25.400'
FC Barcelona,Óscar Mingueza,"10,00 mill. €",13/05/1999,21,España,"1,84 m",Defensa central,84,"2,06",1,6,,0,6.013'
FC Barcelona,Jordi Alba,"25,00 mill. €",21/03/1989,32,España,"1,70 m",Lateral izquierdo,519,"2,08",32,86,,0,40.572'
FC Barcelona,Júnior Firpo,"10,00 mill. €",22/08/1996,24,España,"1,84 m",Lateral izquierdo,127,"1,73",9,10,,0,9.237'
FC Barcelona,Sergiño Dest,"25,00 mill. €",03/11/2000,20,Estados Unidos,"1,75 m",Lateral derecho,144,"2,00",11,17,,0,10.572'
FC Barcelona,Sergi Roberto,"25,00 mill. €",07/02/1992,29,España,"1,78 m",Lateral derecho,402,"2,10",17,38,,0,27.864'
FC Barcelona,Moussa Wagué,"4,00 mill. €",04/10/1998,22,Senegal,"1,77 m",Lateral derecho,86,"1,20",3,10,,0,6.048'
FC Barcelona,Sergio Busquets,"10,00 mill. €",16/07/1988,32,España,"1,89 m",Pivote,620,"2,33",15,39,,0,48.299'
FC Barcelona,Matheus Fernandes,"2,00 mill. €",30/06/1998,22,Brasil,"1,83 m",Pivote,91,"1,52",3,4,,0,5.919'
FC Barcelona,Frenkie de Jong,"80,00 mill. €",12/05/1997,23,Países Bajos,"1,80 m",Mediocentro,250,"1,98",28,36,,0,19.588'
FC Barcelona,Miralem Pjanić,"28,00 mill. €",02/04/1990,30,Bosnia y Herzegovina,"1,78 m",Mediocentro,550,"1,89",73,108,,0,38.114'
FC Barcelona,Riqui Puig,"18,00 mill. €",13/08/1999,21,España,"1,69 m",Mediocentro,101,"1,82",6,16,,0,6.486'
FC Barcelona,Ilaix Moriba,"10,00 mill. €",19/01/2003,18,España,"1,85 m",Mediocentro,37,"1,89",4,6,,0,2.092'
FC Barcelona,Pedri,"70,00 mill. €",25/11/2002,18,España,"1,74 m",Mediocentro ofensivo,79,"1,85",7,13,,0,5.707'
FC Barcelona,Philippe Coutinho,"40,00 mill. €",12/06/1992,28,Brasil,"1,72 m",Mediocentro ofensivo,411,"1,89",99,75,,0,27.132'
FC Barcelona,Ansu Fati,"80,00 mill. €",31/10/2002,18,España,"1,78 m",Extremo izquierdo,52,"1,88",17,8,,0,2.547'
FC Barcelona,Konrad de la Fuente,"2,50 mill. €",16/07/2001,19,Estados Unidos,"1,76 m",Extremo izquierdo,39,"1,79",9,5,,0,2.812'
FC Barcelona,Lionel Messi,"80,00 mill. €",24/06/1987,33,Argentina,"1,70 m",Extremo derecho,768,"2,28",663,291,,0,62.607'
FC Barcelona,Ousmane Dembélé,"50,00 mill. €",15/05/1997,23,Francia,"1,78 m",Extremo derecho,188,"2,03",50,47,,0,11.984'
FC Barcelona,Trincão,"25,00 mill. €",29/12/1999,21,Portugal,"1,84 m",Extremo derecho,130,"1,62",18,21,,0,6.061'
FC Barcelona,Antoine Griezmann,"60,00 mill. €",21/03/1991,30,Francia,"1,76 m",Mediapunta,547,"1,81",214,83,,0,41.856'
FC Barcelona,Martin Braithwaite,"9,00 mill. €",05/06/1991,29,Dinamarca,"1,77 m",Delantero centro,395,"1,44",93,42,,0,27.672'
Chelsea FC,Edouard Mendy,"25,00 mill. €",01/03/1992,29,Senegal,"1,96 m",Portero,159,"1,77",0,0,149,71,14.230'
Chelsea FC,Kepa,"13,00 mill. €",03/10/1994,26,España,"1,86 m",Portero,268,"1,64",0,0,294,90,24.124'
Chelsea FC,Willy Caballero,300 mil €,28/09/1981,39,Argentina,"1,86 m",Portero,381,"1,55",0,0,440,134,33.710'
Chelsea FC,Kurt Zouma,"32,00 mill. €",27/10/1994,26,Francia,"1,90 m",Defensa central,293,"1,67",16,9,,0,22.718'
Chelsea FC,Andreas Christensen,"28,00 mill. €",10/04/1996,24,Dinamarca,"1,88 m",Defensa central,265,"1,83",11,9,,0,22.547'
Chelsea FC,Antonio Rüdiger,"25,00 mill. €",03/03/1993,28,Alemania,"1,90 m",Defensa central,359,"1,70",18,8,,0,29.648'
Chelsea FC,Thiago Silva,"3,50 mill. €",22/09/1984,36,Brasil,"1,83 m",Defensa central,535,"2,11",34,11,,0,46.411'
Chelsea FC,Ben Chilwell,"50,00 mill. €",21/12/1996,24,Inglaterra,"1,78 m",Lateral izquierdo,192,"1,48",8,22,,0,15.749'
Chelsea FC,Emerson,"15,00 mill. €",03/08/1994,26,Italia,"1,81 m",Lateral izquierdo,144,"1,94",5,9,,0,9.455'
Chelsea FC,Marcos Alonso,"13,00 mill. €",28/12/1990,30,España,"1,88 m",Lateral izquierdo,362,"1,80",36,28,,0,30.139'
Chelsea FC,Reece James,"40,00 mill. €",08/12/1999,21,Inglaterra,"1,82 m",Lateral derecho,193,"1,81",12,25,,0,15.118'
Chelsea FC,César Azpilicueta,"17,00 mill. €",28/08/1989,31,España,"1,78 m",Lateral derecho,588,"1,79",16,60,,0,50.477'
Chelsea FC,Jorginho,"45,00 mill. €",20/12/1991,29,Italia,"1,80 m",Pivote,396,"1,98",34,25,,0,31.422'
Chelsea FC,N'Golo Kanté,"55,00 mill. €",29/03/1991,30,Francia,"1,68 m",Mediocentro,366,"1,80",21,23,,0,29.838'
Chelsea FC,Mateo Kovacic,"45,00 mill. €",06/05/1994,26,Croacia,"1,77 m",Mediocentro,404,"1,91",20,37,,0,24.290'
Chelsea FC,Billy Gilmour,"7,00 mill. €",11/06/2001,19,Escocia,"1,70 m",Mediocentro,98,"2,08",20,14,,0,7.233'
Chelsea FC,Kai Havertz,"70,00 mill. €",11/06/1999,21,Alemania,"1,89 m",Mediocentro ofensivo,247,"1,88",79,42,,0,18.122'
Chelsea FC,Mason Mount,"60,00 mill. €",10/01/1999,22,Inglaterra,"1,78 m",Mediocentro ofensivo,221,"1,73",45,37,,0,17.014'
Chelsea FC,Charly Musonda Jr.,"1,00 mill. €",15/10/1996,24,Bélgica,"1,73 m",,0,0,0,0,0,0,0
Chelsea FC,Callum Hudson-Odoi,"35,00 mill. €",07/11/2000,20,Inglaterra,"1,77 m",Extremo izquierdo,154,"2,08",44,33,,0,9.334'
Chelsea FC,Christian Pulisic,"50,00 mill. €",18/09/1998,22,Estados Unidos,"1,72 m",Extremo derecho,214,"1,93",46,51,,0,13.442'
Chelsea FC,Hakim Ziyech,"40,00 mill. €",19/03/1993,28,Marruecos,"1,81 m",Extremo derecho,368,"1,80",115,128,,0,29.820'
Chelsea FC,Timo Werner,"65,00 mill. €",06/03/1996,25,Alemania,"1,81 m",Delantero centro,363,"1,66",177,73,,0,25.558'
Chelsea FC,Tammy Abraham,"40,00 mill. €",02/10/1997,23,Inglaterra,"1,90 m",Delantero centro,264,"1,63",125,32,,0,18.121'
Chelsea FC,Olivier Giroud,"5,00 mill. €",30/09/1986,34,Francia,"1,93 m",Delantero centro,543,"1,81",221,81,,0,35.277'
Atlético de Madrid,Jan Oblak,"90,00 mill. €",07/01/1993,28,Eslovenia,"1,88 m",Portero,404,"1,87",0,0,313,199,36.410'
Atlético de Madrid,Ivo Grbic,"7,00 mill. €",18/01/1996,25,Croacia,"1,95 m",Portero,103,"1,58",0,0,107,31,9.224'
Atlético de Madrid,José María Giménez,"60,00 mill. €",20/01/1995,26,Uruguay,"1,85 m",Defensa central,227,"2,02",9,8,,0,18.162'
Atlético de Madrid,Mario Hermoso,"35,00 mill. €",18/06/1995,25,España,"1,85 m",Defensa central,183,"1,61",7,7,,0,15.553'
Atlético de Madrid,Stefan Savic,"25,00 mill. €",08/01/1991,30,Montenegro,"1,87 m",Defensa central,377,"1,89",9,7,,0,31.691'
Atlético de Madrid,Felipe,"15,00 mill. €",16/05/1989,31,Brasil,"1,90 m",Defensa central,310,"2,00",17,9,,0,26.458'
Atlético de Madrid,Renan Lodi,"30,00 mill. €",08/04/1998,22,Brasil,"1,78 m",Lateral izquierdo,118,"1,75",5,13,,0,8.805'
Atlético de Madrid,Kieran Trippier,"20,00 mill. €",19/09/1990,30,Inglaterra,"1,73 m",Lateral derecho,412,"1,61",10,78,,0,35.229'
Atlético de Madrid,Sime Vrsaljko,"8,00 mill. €",10/01/1992,29,Croacia,"1,81 m",Lateral derecho,278,"1,88",3,36,,0,22.217'
Atlético de Madrid,Lucas Torreira,"22,00 mill. €",11/02/1996,25,Uruguay,"1,66 m",Pivote,250,"1,68",18,9,,0,17.023'
Atlético de Madrid,Marcos Llorente,"70,00 mill. €",30/01/1995,26,España,"1,84 m",Mediocentro,219,"1,88",20,22,,0,15.854'
Atlético de Madrid,Koke,"60,00 mill. €",08/01/1992,29,España,"1,76 m",Mediocentro,558,"1,94",53,105,,0,43.570'
Atlético de Madrid,Saúl Ñíguez,"55,00 mill. €",21/11/1994,26,España,"1,84 m",Mediocentro,434,"1,81",53,19,,0,32.480'
Atlético de Madrid,Geoffrey Kondogbia,"15,00 mill. €",15/02/1993,28,República Centroafricana,"1,88 m",Mediocentro,322,"1,62",14,17,,0,22.676'
Atlético de Madrid,Héctor Herrera,"8,00 mill. €",19/04/1990,30,México,"1,80 m",Mediocentro,352,"1,97",38,40,,0,25.399'
Atlético de Madrid,Thomas Lemar,"25,00 mill. €",12/11/1995,25,Francia,"1,71 m",Mediocentro ofensivo,266,"1,92",28,50,,0,15.506'
Atlético de Madrid,Yannick Carrasco,"35,00 mill. €",04/09/1993,27,Bélgica,"1,81 m",Extremo izquierdo,321,"1,89",71,67,,0,21.515'
Atlético de Madrid,Vitolo,"8,00 mill. €",02/11/1989,31,España,"1,85 m",Extremo izquierdo,397,"1,64",66,59,,0,27.178'
Atlético de Madrid,Ángel Correa,"40,00 mill. €",09/03/1995,26,Argentina,"1,71 m",Extremo derecho,328,"1,93",53,62,,0,18.567'
Atlético de Madrid,João Félix,"80,00 mill. €",10/11/1999,21,Portugal,"1,80 m",Mediapunta,156,"1,86",53,25,,0,10.467'
Atlético de Madrid,Moussa Dembélé,"25,00 mill. €",12/07/1996,24,Francia,"1,83 m",Delantero centro,286,"1,73",127,41,,0,18.590'
Atlético de Madrid,Luis Suárez,"15,00 mill. €",24/01/1987,34,Uruguay,"1,82 m",Delantero centro,647,"2,07",422,236,,0,53.986'
Real Madrid CF,Thibaut Courtois,"75,00 mill. €",11/05/1992,28,Bélgica,"1,99 m",Portero,468,"2,01",0,0,441,193,42.071'
Real Madrid CF,Andriy Lunin,"3,00 mill. €",11/02/1999,22,Ucrania,"1,91 m",Portero,91,"1,40",0,0,107,30,8.224'
Real Madrid CF,Raphaël Varane,"70,00 mill. €",25/04/1993,27,Francia,"1,91 m",Defensa central,379,"2,10",19,7,,0,31.539'
Real Madrid CF,Éder Militão,"30,00 mill. €",18/01/1998,23,Brasil,"1,86 m",Defensa central,111,"1,98",9,5,,0,9.159'
Real Madrid CF,Sergio Ramos,"14,00 mill. €",30/03/1986,35,España,"1,84 m",Defensa central,715,"2,10",104,40,,0,62.146'
Real Madrid CF,Nacho Fernández,"10,00 mill. €",18/01/1990,31,España,"1,80 m",Defensa central,331,"2,14",15,8,,0,26.074'
Real Madrid CF,Ferland Mendy,"50,00 mill. €",08/06/1995,25,Francia,"1,80 m",Lateral izquierdo,194,"1,87",8,17,,0,15.621'
Real Madrid CF,Marcelo,"10,00 mill. €",12/05/1988,32,Brasil,"1,74 m",Lateral izquierdo,530,"2,18",41,101,,0,42.894'
Real Madrid CF,Daniel Carvajal,"40,00 mill. €",11/01/1992,29,España,"1,73 m",Lateral derecho,395,"2,15",10,67,,0,33.022'
Real Madrid CF,Álvaro Odriozola,"10,00 mill. €",14/12/1995,25,España,"1,76 m",Lateral derecho,187,"1,42",6,26,,0,13.918'
Real Madrid CF,Casemiro,"70,00 mill. €",23/02/1992,29,Brasil,"1,85 m",Pivote,395,"2,10",40,32,,0,29.052'
Real Madrid CF,Federico Valverde,"70,00 mill. €",22/07/1998,22,Uruguay,"1,82 m",Mediocentro,168,"1,77",8,10,,0,10.256'
Real Madrid CF,Toni Kroos,"50,00 mill. €",04/01/1990,31,Alemania,"1,83 m",Mediocentro,601,"2,13",66,144,,0,46.254'
Real Madrid CF,Luka Modric,"10,00 mill. €",09/09/1985,35,Croacia,"1,72 m",Mediocentro,612,"2,03",65,108,,0,47.725'
Real Madrid CF,Isco,"20,00 mill. €",21/04/1992,28,España,"1,76 m",Mediocentro ofensivo,442,"2,05",71,66,,0,27.410'
Real Madrid CF,Eden Hazard,"40,00 mill. €",07/01/1991,30,Bélgica,"1,75 m",Extremo izquierdo,583,"1,90",164,152,,0,42.984'
Real Madrid CF,Vinícius Júnior,"40,00 mill. €",12/07/2000,20,Brasil,"1,76 m",Extremo izquierdo,158,"1,88",26,26,,0,8.070'
Real Madrid CF,Rodrygo,"45,00 mill. €",09/01/2001,20,Brasil,"1,74 m",Extremo derecho,99,"1,77",20,15,,0,6.128'
Real Madrid CF,Marco Asensio,"35,00 mill. €",21/01/1996,25,España,"1,82 m",Extremo derecho,272,"1,74",45,46,,0,16.601'
Real Madrid CF,Lucas Vázquez,"15,00 mill. €",01/07/1991,29,España,"1,73 m",Extremo derecho,368,"1,96",45,73,,0,21.193'
Real Madrid CF,Sergio Arribas,"1,00 mill. €",30/09/2001,19,España,"1,73 m",Extremo derecho,32,"2,13",5,6,,0,1.740'
Real Madrid CF,Karim Benzema,"25,00 mill. €",19/12/1987,33,Francia,"1,84 m",Delantero centro,693,"2,17",338,167,,0,48.571'
Real Madrid CF,Mariano Díaz,"10,00 mill. €",01/08/1993,27,República Dominicana,"1,80 m",Delantero centro,196,"1,80",83,11,,0,10.105'
Real Madrid CF,Hugo Duro,"2,50 mill. €",10/11/1999,21,España,"1,82 m",Delantero centro,74,"1,39",23,4,,0,4.391'
Manchester United,David de Gea,"22,00 mill. €",07/11/1990,30,España,"1,92 m",Portero,553,"1,75",0,0,604,186,49.785'
Manchester United,Dean Henderson,"20,00 mill. €",12/03/1997,24,Inglaterra,"1,88 m",Portero,169,"1,77",0,0,149,73,15.216'
Manchester United,Sergio Romero,"1,50 mill. €",22/02/1987,34,Argentina,"1,92 m",,0,0,0,0,0,0,0
Manchester United,Nathan Bishop,300 mil €,15/10/1999,21,Inglaterra,"1,85 m",Portero,40,"0,80",0,0,83,5,3.554'
Manchester United,Lee Grant,250 mil €,27/01/1983,38,Inglaterra,"1,93 m",Portero,511,"1,33",0,0,671,133,45.799'
Manchester United,Harry Maguire,"40,00 mill. €",05/03/1993,28,Inglaterra,"1,94 m",Defensa central,434,"1,62",26,23,,0,37.832'
Manchester United,Victor Lindelöf,"24,00 mill. €",17/07/1994,26,Suecia,"1,87 m",Defensa central,359,"1,81",8,8,,0,30.711'
Manchester United,Eric Bailly,"15,00 mill. €",12/04/1994,26,Costa de Marfil,"1,87 m",Defensa central,175,"1,90",2,2,,0,13.680'
Manchester United,Axel Tuanzebe,"8,00 mill. €",14/11/1997,23,Inglaterra,"1,86 m",Defensa central,106,"1,69",2,1,,0,7.754'
Manchester United,Phil Jones,"5,00 mill. €",21/02/1992,29,Inglaterra,"1,85 m",,0,0,0,0,0,0,0
Manchester United,Alex Telles,"28,00 mill. €",15/12/1992,28,Brasil,"1,81 m",Lateral izquierdo,334,"2,07",29,69,,0,28.502'
Manchester United,Luke Shaw,"25,00 mill. €",12/07/1995,25,Inglaterra,"1,85 m",Lateral izquierdo,250,"1,72",3,21,,0,19.552'
Manchester United,Brandon Williams,"10,00 mill. €",03/09/2000,20,Inglaterra,"1,72 m",Lateral izquierdo,104,"2,06",4,17,,0,7.222'
Manchester United,Aaron Wan-Bissaka,"40,00 mill. €",26/11/1997,23,Inglaterra,"1,83 m",Lateral derecho,134,"1,69",2,11,,0,11.800'
Manchester United,Nemanja Matic,"10,00 mill. €",01/08/1988,32,Serbia,"1,94 m",Pivote,496,"1,89",26,32,,0,38.637'
Manchester United,Paul Pogba,"60,00 mill. €",15/03/1993,28,Francia,"1,91 m",Mediocentro,395,"2,07",74,83,,0,30.770'
Manchester United,Donny van de Beek,"35,00 mill. €",18/04/1997,23,Países Bajos,"1,84 m",Mediocentro,285,"2,05",67,56,,0,20.196'
Manchester United,Scott McTominay,"30,00 mill. €",08/12/1996,24,Escocia,"1,91 m",Mediocentro,153,"1,84",17,2,,0,9.910'
Manchester United,Fred,"22,00 mill. €",05/03/1993,28,Brasil,"1,69 m",Mediocentro,298,"2,01",25,28,,0,22.324'
Manchester United,Ethan Galbraith,900 mil €,11/05/2001,19,Irlanda del Norte,"1,75 m",Mediocentro,71,"1,89",9,8,,0,5.502'
Manchester United,Hannibal Mejbri,0,21/01/2003,18,Francia,"1,82 m",Mediocentro,38,"1,61",5,13,,0,2.904'
Manchester United,Bruno Fernandes,"90,00 mill. €",08/09/1994,26,Portugal,"1,79 m",Mediocentro ofensivo,368,"1,73",123,91,,0,27.244'
Manchester United,Juan Mata,"6,00 mill. €",28/04/1988,32,España,"1,70 m",Mediocentro ofensivo,614,"1,82",137,157,,0,42.985'
Manchester United,Marcus Rashford,"85,00 mill. €",31/10/1997,23,Inglaterra,"1,85 m",Extremo izquierdo,273,"1,92",90,52,,0,18.023'
Manchester United,Daniel James,"18,00 mill. €",10/11/1997,23,Gales,"1,70 m",Extremo izquierdo,156,"1,83",23,30,,0,11.028'
Manchester United,Mason Greenwood,"50,00 mill. €",01/10/2001,19,Inglaterra,"1,81 m",Extremo derecho,139,"1,90",66,21,,0,8.685'
Manchester United,Amad Diallo,"15,00 mill. €",11/07/2002,18,Costa de Marfil,"1,73 m",Extremo derecho,104,"2,19",42,27,,0,6.851'
Manchester United,Anthony Martial,"50,00 mill. €",05/12/1995,25,Francia,"1,81 m",Delantero centro,332,"1,86",93,57,,0,21.155'
Manchester United,Edinson Cavani,"7,00 mill. €",14/02/1987,34,Uruguay,"1,84 m",Delantero centro,582,"2,00",348,67,,0,44.275'
Tottenham Hotspur,Hugo Lloris,"9,00 mill. €",26/12/1986,34,Francia,"1,88 m",Portero,643,"1,76",0,0,687,220,57.854'
Tottenham Hotspur,Joe Hart,"2,00 mill. €",19/04/1987,33,Inglaterra,"1,96 m",Portero,548,"1,67",0,0,633,187,49.282'
Tottenham Hotspur,Alfie Whiteman,800 mil €,02/10/1998,22,Inglaterra,"1,88 m",Portero,45,"1,18",0,0,89,6,3.889'
Tottenham Hotspur,Davinson Sánchez,"35,00 mill. €",12/06/1996,24,Colombia,"1,87 m",Defensa central,228,"1,94",11,3,,0,19.202'
Tottenham Hotspur,Eric Dier,"25,00 mill. €",15/01/1994,27,Inglaterra,"1,88 m",Defensa central,333,"1,87",14,16,,0,26.891'
Tottenham Hotspur,Toby Alderweireld,"15,00 mill. €",02/03/1989,32,Bélgica,"1,87 m",Defensa central,464,"1,95",27,17,,0,40.114'
Tottenham Hotspur,Joe Rodon,"10,00 mill. €",22/10/1997,23,Gales,"1,93 m",Defensa central,136,"1,71",0,1,,0,10.835'
Tottenham Hotspur,Japhet Tanganga,"8,00 mill. €",31/03/1999,22,Inglaterra,"1,84 m",Defensa central,99,"1,34",6,3,,0,8.108'
Tottenham Hotspur,Sergio Reguilón,"25,00 mill. €",16/12/1996,24,España,"1,78 m",Lateral izquierdo,181,"1,80",12,18,,0,13.805'
Tottenham Hotspur,Ben Davies,"16,00 mill. €",24/04/1993,27,Gales,"1,81 m",Lateral izquierdo,323,"1,71",8,24,,0,25.366'
Tottenham Hotspur,Danny Rose,"4,00 mill. €",02/07/1990,30,Inglaterra,"1,73 m",,291,"1,58",11,35,,0,21.922'
Tottenham Hotspur,Serge Aurier,"20,00 mill. €",24/12/1992,28,Costa de Marfil,"1,76 m",Lateral derecho,320,"1,73",21,43,,0,26.501'
Tottenham Hotspur,Matt Doherty,"18,00 mill. €",16/01/1992,29,Irlanda,"1,85 m",Lateral derecho,401,"1,56",37,52,,0,32.964'
Tottenham Hotspur,Harry Winks,"22,00 mill. €",02/02/1996,25,Inglaterra,"1,78 m",Pivote,199,"1,85",7,4,,0,12.926'
Tottenham Hotspur,Tanguy Ndombélé,"50,00 mill. €",28/12/1996,24,Francia,"1,81 m",Mediocentro,198,"1,74",14,30,,0,13.311'
Tottenham Hotspur,Pierre-Emile Höjbjerg,"35,00 mill. €",05/08/1995,25,Dinamarca,"1,85 m",Mediocentro,299,"1,63",20,18,,0,21.512'
Tottenham Hotspur,Giovani Lo Celso,"30,00 mill. €",09/04/1996,24,Argentina,"1,77 m",Mediocentro,202,"1,81",32,30,,0,11.926'
Tottenham Hotspur,Moussa Sissoko,"13,00 mill. €",16/08/1989,31,Francia,"1,87 m",Mediocentro,551,"1,53",41,50,,0,40.665'
Tottenham Hotspur,Dele Alli,"32,00 mill. €",11/04/1996,24,Inglaterra,"1,88 m",Mediocentro ofensivo,332,"1,83",89,74,,0,24.239'
Tottenham Hotspur,Heung-min Son,"85,00 mill. €",08/07/1992,28,Corea del Sur,"1,84 m",Extremo izquierdo,468,"1,74",168,77,,0,31.424'
Tottenham Hotspur,Steven Bergwijn,"25,00 mill. €",08/10/1997,23,Países Bajos,"1,78 m",Extremo izquierdo,242,"1,90",52,55,,0,15.788'
Tottenham Hotspur,Lucas Moura,"25,00 mill. €",13/08/1992,28,Brasil,"1,72 m",Extremo derecho,465,"2,02",100,85,,0,29.625'
Tottenham Hotspur,Gareth Bale,"20,00 mill. €",16/07/1989,31,Gales,"1,85 m",Extremo derecho,524,"1,88",176,141,,0,39.734'
Tottenham Hotspur,Erik Lamela,"16,00 mill. €",04/03/1992,29,Argentina,"1,84 m",Extremo derecho,355,"1,71",62,66,,0,21.467'
Tottenham Hotspur,Harry Kane,"120,00 mill. €",28/07/1993,27,Inglaterra,"1,88 m",Delantero centro,406,"1,81",242,62,,0,30.353'
Tottenham Hotspur,Carlos Vinícius,"20,00 mill. €",25/03/1995,26,Brasil,"1,90 m",Delantero centro,144,"1,55",70,25,,0,8.927'
Juventus de Turín,Wojciech Szczesny,"35,00 mill. €",18/04/1990,30,Polonia,"1,96 m",Portero,425,"1,99",0,0,439,160,37.985'
Juventus de Turín,Gianluigi Buffon,"1,00 mill. €",28/01/1978,43,Italia,"1,92 m",Portero,926,"2,02",0,0,770,416,82.922'
Juventus de Turín,Carlo Pinsoglio,400 mil €,16/03/1990,31,Italia,"1,94 m",Portero,281,"1,38",0,0,310,90,24.992'
Juventus de Turín,Matthijs de Ligt,"75,00 mill. €",12/08/1999,21,Países Bajos,"1,89 m",Defensa central,242,"2,17",25,9,,0,20.484'
Juventus de Turín,Merih Demiral,"30,00 mill. €",05/03/1998,23,Turquía,"1,90 m",Defensa central,96,"1,48",4,2,,0,7.942'
Juventus de Turín,Leonardo Bonucci,"10,00 mill. €",01/05/1987,33,Italia,"1,90 m",Defensa central,592,"1,96",38,12,,0,50.673'
Juventus de Turín,Radu Drăgușin,"3,00 mill. €",03/02/2002,19,Rumania,"1,91 m",Defensa central,56,"1,89",6,1,,0,4.714'
Juventus de Turín,Giorgio Chiellini,"2,00 mill. €",14/08/1984,36,Italia,"1,87 m",Defensa central,630,"2,03",43,25,,0,52.271'
Juventus de Turín,Alex Sandro,"28,00 mill. €",26/01/1991,30,Brasil,"1,81 m",Lateral izquierdo,416,"2,12",15,47,,0,32.208'
Juventus de Turín,Gianluca Frabotta,"2,50 mill. €",24/06/1999,21,Italia,"1,87 m",Lateral izquierdo,161,"1,50",5,5,,0,11.972'
Juventus de Turín,Danilo,"20,00 mill. €",15/07/1991,29,Brasil,"1,84 m",Lateral derecho,396,"2,15",32,35,,0,31.449'
Juventus de Turín,Juan Cuadrado,"18,00 mill. €",26/05/1988,32,Colombia,"1,76 m",Lateral derecho,390,"1,89",46,74,,0,27.305'
Juventus de Turín,Arthur,"50,00 mill. €",12/08/1996,24,Brasil,"1,72 m",Mediocentro,148,"2,18",7,9,,0,9.462'
Juventus de Turín,Rodrigo Bentancur,"40,00 mill. €",25/06/1997,23,Uruguay,"1,87 m",Mediocentro,201,"1,98",4,17,,0,12.668'
Juventus de Turín,Adrien Rabiot,"32,00 mill. €",03/04/1995,25,Francia,"1,88 m",Mediocentro,312,"2,36",29,20,,0,20.986'
Juventus de Turín,Weston McKennie,"25,00 mill. €",28/08/1998,22,Estados Unidos,"1,77 m",Mediocentro,147,"1,69",14,13,,0,9.676'
Juventus de Turín,Aaron Ramsey,"20,00 mill. €",26/12/1990,30,Gales,"1,82 m",Mediocentro,464,"2,01",73,74,,0,28.966'
Juventus de Turín,Nicolò Fagioli,"1,20 mill. €",12/02/2001,20,Italia,"1,78 m",Mediocentro ofensivo,115,"1,57",26,17,,0,8.046'
Juventus de Turín,Cristiano Ronaldo,"50,00 mill. €",05/02/1985,36,Portugal,"1,87 m",Extremo izquierdo,884,"2,21",668,227,,0,72.165'
Juventus de Turín,Federico Chiesa,"60,00 mill. €",25/10/1997,23,Italia,"1,80 m",Extremo derecho,227,"1,62",56,38,,0,16.850'
Juventus de Turín,Dejan Kulusevski,"45,00 mill. €",25/04/2000,20,Suecia,"1,86 m",Extremo derecho,159,"1,94",49,39,,0,11.804'
Juventus de Turín,Federico Bernardeschi,"20,00 mill. €",16/02/1994,27,Italia,"1,83 m",Extremo derecho,313,"1,97",68,37,,0,18.022'
Juventus de Turín,Paulo Dybala,"60,00 mill. €",15/11/1993,27,Argentina,"1,77 m",Mediapunta,352,"2,01",127,56,,0,24.009'
Juventus de Turín,Álvaro Morata,"50,00 mill. €",23/10/1992,28,España,"1,87 m",Delantero centro,438,"2,12",164,64,,0,25.121'
Inter de Milán,Ionut Radu,"7,00 mill. €",28/05/1997,23,Rumania,"1,88 m",Portero,135,"1,50",0,0,162,39,12.228'
Inter de Milán,Samir Handanovic,"2,50 mill. €",14/07/1984,36,Eslovenia,"1,93 m",Portero,643,"1,67",0,0,717,223,57.842'
Inter de Milán,Daniele Padelli,400 mil €,25/10/1985,35,Italia,"1,91 m",Portero,202,"1,36",0,0,253,53,17.899'
Inter de Milán,Filip Stankovic,400 mil €,25/02/2002,19,Serbia,"1,87 m",Portero,47,"2,04",0,0,48,18,4.185'
Inter de Milán,Stefan de Vrij,"55,00 mill. €",05/02/1992,29,Países Bajos,"1,89 m",Defensa central,391,"1,87",23,14,,0,32.849'
Inter de Milán,Milan Skriniar,"55,00 mill. €",11/02/1995,26,Eslovaquia,"1,88 m",Defensa central,298,"1,76",20,6,,0,25.314'
Inter de Milán,Alessandro Bastoni,"55,00 mill. €",13/04/1999,21,Italia,"1,90 m",Defensa central,154,"1,95",15,5,,0,12.271'
Inter de Milán,Andrea Ranocchia,"1,50 mill. €",16/02/1988,33,Italia,"1,95 m",Defensa central,354,"1,64",21,8,,0,28.361'
Inter de Milán,Aleksandar Kolarov,"2,50 mill. €",10/11/1985,35,Serbia,"1,87 m",Lateral izquierdo,504,"1,78",52,68,,0,38.811'
Inter de Milán,Danilo D'Ambrosio,"8,00 mill. €",09/09/1988,32,Italia,"1,80 m",Lateral derecho,396,"1,63",32,25,,0,29.664'
Inter de Milán,Matteo Darmian,"7,00 mill. €",02/12/1989,31,Italia,"1,83 m",Lateral derecho,391,"1,62",12,19,,0,29.965'
Inter de Milán,Marcelo Brozovic,"40,00 mill. €",16/11/1992,28,Croacia,"1,81 m",Pivote,384,"1,78",43,50,,0,29.872'
Inter de Milán,Nicolò Barella,"60,00 mill. €",07/02/1997,24,Italia,"1,72 m",Mediocentro,247,"1,43",18,25,,0,19.559'
Inter de Milán,Roberto Gagliardini,"15,00 mill. €",07/04/1994,26,Italia,"1,88 m",Mediocentro,236,"1,90",20,10,,0,15.251'
Inter de Milán,Stefano Sensi,"13,00 mill. €",05/08/1995,25,Italia,"1,68 m",Mediocentro,228,"1,37",29,16,,0,16.561'
Inter de Milán,Matías Vecino,"12,00 mill. €",24/08/1991,29,Uruguay,"1,87 m",Mediocentro,285,"1,65",29,22,,0,19.536'
Inter de Milán,Arturo Vidal,"6,00 mill. €",22/05/1987,33,Chile,"1,80 m",Mediocentro,576,"2,13",106,76,,0,41.114'
Inter de Milán,Achraf Hakimi,"50,00 mill. €",04/11/1998,22,Marruecos,"1,81 m",Interior derecho,168,"1,96",24,34,,0,13.337'
Inter de Milán,Ashley Young,"1,00 mill. €",09/07/1985,35,Inglaterra,"1,75 m",Interior izquierdo,613,"1,72",82,119,,0,45.958'
Inter de Milán,Christian Eriksen,"35,00 mill. €",14/02/1992,29,Dinamarca,"1,82 m",Mediocentro ofensivo,528,"1,92",111,157,,0,39.169'
Inter de Milán,Ivan Perisic,"10,00 mill. €",02/02/1989,32,Croacia,"1,87 m",Extremo izquierdo,494,"1,87",127,99,,0,33.597'
Inter de Milán,Romelu Lukaku,"90,00 mill. €",13/05/1993,27,Bélgica,"1,91 m",Delantero centro,509,"1,73",254,82,,0,38.315'
Inter de Milán,Lautaro Martínez,"70,00 mill. €",22/08/1997,23,Argentina,"1,74 m",Delantero centro,180,"1,92",73,24,,0,11.708'
Inter de Milán,Andrea Pinamonti,"12,00 mill. €",19/05/1999,21,Italia,"1,85 m",Delantero centro,147,"1,65",55,13,,0,9.642'
Inter de Milán,Alexis Sánchez,"10,00 mill. €",19/12/1988,32,Chile,"1,68 m",Delantero centro,566,"1,92",169,133,,0,37.686'
Borussia Dortmund,Roman Bürki,"4,00 mill. €",14/11/1990,30,Suiza,"1,87 m",Portero,454,"1,70",0,0,569,152,40.908'
Borussia Dortmund,Marwin Hitz,"1,70 mill. €",18/09/1987,33,Suiza,"1,94 m",Portero,313,"1,54",1,0,379,105,27.947'
Borussia Dortmund,Luca Unbehaun,350 mil €,27/02/2001,20,Alemania,"1,85 m",Portero,111,"1,94",0,0,130,31,9.653'
Borussia Dortmund,Manuel Akanji,"25,00 mill. €",19/07/1995,25,Suiza,"1,87 m",Defensa central,250,"1,79",11,7,,0,21.252'
Borussia Dortmund,Dan-Axel Zagadou,"18,00 mill. €",03/06/1999,21,Francia,"1,96 m",Defensa central,78,"1,99",4,1,,0,4.978'
Borussia Dortmund,Mats Hummels,"15,00 mill. €",16/12/1988,32,Alemania,"1,91 m",Defensa central,580,"1,98",51,29,,0,48.946'
Borussia Dortmund,Raphaël Guerreiro,"35,00 mill. €",22/12/1993,27,Portugal,"1,70 m",Lateral izquierdo,301,"1,62",38,40,,0,23.024'
Borussia Dortmund,Nico Schulz,"7,00 mill. €",01/04/1993,27,Alemania,"1,80 m",Lateral izquierdo,310,"1,61",18,36,,0,20.664'
Borussia Dortmund,Marcel Schmelzer,700 mil €,22/01/1988,33,Alemania,"1,80 m",,0,0,0,0,0,0,0
Borussia Dortmund,Thomas Meunier,"12,00 mill. €",12/09/1991,29,Bélgica,"1,91 m",Lateral derecho,359,"2,10",34,46,,0,26.552'
Borussia Dortmund,Mateu Morey Bauzà,"7,00 mill. €",02/03/2000,21,España,"1,73 m",Lateral derecho,40,"1,88",0,5,,0,2.605'
Borussia Dortmund,Felix Passlack,"2,50 mill. €",29/05/1998,22,Alemania,"1,70 m",Lateral derecho,165,"2,03",49,47,,0,12.460'
Borussia Dortmund,Lukasz Piszczek,"1,30 mill. €",03/06/1985,35,Polonia,"1,84 m",Lateral derecho,544,"1,80",46,81,,0,40.218'
Borussia Dortmund,Emre Can,"26,00 mill. €",12/01/1994,27,Alemania,"1,86 m",Pivote,376,"1,85",34,24,,0,28.576'
Borussia Dortmund,Thomas Delaney,"17,50 mill. €",03/09/1991,29,Dinamarca,"1,82 m",Pivote,372,"1,94",35,35,,0,26.996'
Borussia Dortmund,Axel Witsel,"12,00 mill. €",12/01/1989,32,Bélgica,"1,88 m",Pivote,577,"1,92",89,48,,0,48.373'
Borussia Dortmund,Jude Bellingham,"35,00 mill. €",29/06/2003,17,Inglaterra,"1,86 m",Mediocentro,80,"1,36",5,7,,0,5.043'
Borussia Dortmund,Mahmoud Dahoud,"11,00 mill. €",01/01/1996,25,Alemania,"1,78 m",Mediocentro,245,"1,85",21,38,,0,15.783'
Borussia Dortmund,Tobias Raschl,900 mil €,21/02/2000,21,Alemania,"1,77 m",Mediocentro,111,"2,01",24,23,,0,8.356'
Borussia Dortmund,Giovanni Reyna,"38,00 mill. €",13/11/2002,18,Estados Unidos,"1,85 m",Mediocentro ofensivo,68,"1,96",13,16,,0,3.898'
Borussia Dortmund,Julian Brandt,"25,00 mill. €",02/05/1996,24,Alemania,"1,85 m",Mediocentro ofensivo,361,"1,81",88,91,,0,23.301'
Borussia Dortmund,Reinier,"18,00 mill. €",19/01/2002,19,Brasil,"1,85 m",Mediocentro ofensivo,31,"2,10",9,3,,0,1.164'
Borussia Dortmund,Marco Reus,"15,00 mill. €",31/05/1989,31,Alemania,"1,80 m",Mediocentro ofensivo,502,"1,73",204,125,,0,38.667'
Borussia Dortmund,Thorgan Hazard,"32,00 mill. €",29/03/1993,28,Bélgica,"1,75 m",Extremo izquierdo,349,"1,67",77,92,,0,24.534'
Borussia Dortmund,Jadon Sancho,"100,00 mill. €",25/03/2000,21,Inglaterra,"1,80 m",Extremo derecho,174,"1,92",70,71,,0,12.758'
Borussia Dortmund,Ansgar Knauff,800 mil €,10/01/2002,19,Alemania,"1,80 m",Extremo derecho,75,"2,27",19,24,,0,4.612'
Borussia Dortmund,Erling Haaland,"110,00 mill. €",21/07/2000,20,Noruega,"1,94 m",Delantero centro,143,"1,88",98,24,,0,8.667'
Borussia Dortmund,Youssoufa Moukoko,"10,00 mill. €",20/11/2004,16,Alemania,"1,79 m",Delantero centro,103,"2,22",144,27,,0,7.478'
Borussia Dortmund,Steffen Tigges,700 mil €,31/07/1998,22,Alemania,"1,93 m",Delantero centro,180,"1,47",45,28,,0,10.506'
RasenBallsport Leipzig,Péter Gulácsi,"12,00 mill. €",06/05/1990,30,Hungría,"1,90 m",Portero,393,"1,90",0,0,443,130,34.842'
RasenBallsport Leipzig,Josep Martínez,"2,50 mill. €",27/05/1998,22,España,"1,91 m",Portero,87,"1,39",0,0,85,33,7.785'
RasenBallsport Leipzig,Philipp Tschauner,325 mil €,03/11/1985,35,Alemania,"1,96 m",Portero,361,"1,44",1,0,463,104,32.291'
RasenBallsport Leipzig,Dayot Upamecano,"60,00 mill. €",27/10/1998,22,Francia,"1,86 m",Defensa central,187,"1,73",5,5,,0,15.243'
RasenBallsport Leipzig,Ibrahima Konaté,"35,00 mill. €",25/05/1999,21,Francia,"1,94 m",Defensa central,104,"1,80",5,1,,0,8.162'
RasenBallsport Leipzig,Lukas Klostermann,"32,00 mill. €",03/06/1996,24,Alemania,"1,89 m",Defensa central,256,"1,84",19,13,,0,19.907'
RasenBallsport Leipzig,Willi Orban,"14,00 mill. €",03/11/1992,28,Hungría,"1,86 m",Defensa central,377,"1,81",46,13,,0,31.100'
RasenBallsport Leipzig,Angeliño,"35,00 mill. €",04/01/1997,24,España,"1,71 m",Lateral izquierdo,242,"1,67",19,51,,0,20.490'
RasenBallsport Leipzig,Marcel Halstenberg,"17,00 mill. €",27/09/1991,29,Alemania,"1,88 m",Lateral izquierdo,399,"1,66",34,30,,0,33.399'
RasenBallsport Leipzig,Nordi Mukiele,"23,00 mill. €",01/11/1997,23,Francia,"1,87 m",Lateral derecho,195,"1,70",10,9,,0,14.747'
RasenBallsport Leipzig,Benjamin Henrichs,"12,00 mill. €",23/02/1997,24,Alemania,"1,83 m",Lateral derecho,240,"1,54",20,31,,0,18.258'
RasenBallsport Leipzig,Tyler Adams,"20,00 mill. €",14/02/1999,22,Estados Unidos,"1,76 m",Pivote,169,"2,01",8,13,,0,12.900'
RasenBallsport Leipzig,Marcel Sabitzer,"42,00 mill. €",17/03/1994,27,Austria,"1,77 m",Mediocentro,381,"1,82",99,78,,0,28.545'
RasenBallsport Leipzig,Konrad Laimer,"26,00 mill. €",27/05/1997,23,Austria,"1,80 m",,0,0,0,0,0,0,0
RasenBallsport Leipzig,Amadou Haidara,"22,00 mill. €",31/01/1998,23,Malí,"1,75 m",Mediocentro,187,"2,21",22,27,,0,11.689'
RasenBallsport Leipzig,Kevin Kampl,"14,00 mill. €",09/10/1990,30,Eslovenia,"1,78 m",Mediocentro,449,"1,86",57,101,,0,34.980'
RasenBallsport Leipzig,Dominik Szoboszlai,"25,00 mill. €",25/10/2000,20,Hungría,"1,87 m",Interior izquierdo,131,"1,98",43,52,,0,9.327'
RasenBallsport Leipzig,Christopher Nkunku,"40,00 mill. €",14/11/1997,23,Francia,"1,75 m",Mediocentro ofensivo,172,"2,27",34,34,,0,9.665'
RasenBallsport Leipzig,Dani Olmo,"38,00 mill. €",07/05/1998,22,España,"1,79 m",Mediocentro ofensivo,214,"2,05",47,41,,0,15.216'
RasenBallsport Leipzig,Lazar Samardzic,"3,00 mill. €",24/02/2002,19,Alemania,"1,84 m",Mediocentro ofensivo,73,"2,12",56,25,,0,5.079'
RasenBallsport Leipzig,Joscha Wosz,400 mil €,20/07/2002,18,Alemania,"1,73 m",Mediocentro ofensivo,57,"1,82",23,6,,0,3.731'
RasenBallsport Leipzig,Emil Forsberg,"20,00 mill. €",23/10/1991,29,Suecia,"1,79 m",Extremo izquierdo,398,"1,76",96,79,,0,27.017'
RasenBallsport Leipzig,Justin Kluivert,"14,00 mill. €",05/05/1999,21,Países Bajos,"1,71 m",Extremo izquierdo,184,"2,01",39,41,,0,11.381'
RasenBallsport Leipzig,Fabrice Hartmann,350 mil €,02/03/2001,20,Alemania,"1,78 m",Extremo derecho,108,"2,10",58,12,,0,6.881'
RasenBallsport Leipzig,Yussuf Poulsen,"25,00 mill. €",15/06/1994,26,Dinamarca,"1,92 m",Delantero centro,342,"1,80",96,68,,0,23.961'
RasenBallsport Leipzig,Alexander Sörloth,"18,00 mill. €",05/12/1995,25,Noruega,"1,94 m",Delantero centro,230,"1,61",79,37,,0,14.058'
RasenBallsport Leipzig,Hee-chan Hwang,"11,00 mill. €",26/01/1996,25,Corea del Sur,"1,77 m",Delantero centro,196,"2,10",62,40,,0,11.146'
RasenBallsport Leipzig,Hugo Novoa,200 mil €,24/01/2003,18,España,"1,82 m",Delantero centro,25,"2,32",6,9,,0,1.556'
Arsenal FC,Bernd Leno,"25,00 mill. €",04/03/1992,29,Alemania,"1,90 m",Portero,505,"1,68",0,0,602,158,45.332'
Arsenal FC,Mathew Ryan,"6,00 mill. €",08/04/1992,28,Australia,"1,84 m",Portero,367,"1,55",0,0,431,118,33.150'
Arsenal FC,Rúnar Alex Rúnarsson,"1,80 mill. €",18/02/1995,26,Islandia,"1,86 m",Portero,122,"1,29",0,0,203,22,10.742'
Arsenal FC,Dejan Iliev,300 mil €,25/02/1995,26,Macedonia del Norte,"1,95 m",Portero,72,"1,44",0,0,110,19,6.285'
Arsenal FC,Gabriel,"25,00 mill. €",19/12/1997,23,Brasil,"1,90 m",Defensa central,112,"1,58",8,1,,0,9.558'
Arsenal FC,Rob Holding,"16,00 mill. €",20/09/1995,25,Inglaterra,"1,89 m",Defensa central,171,"1,67",7,3,,0,14.051'
Arsenal FC,Calum Chambers,"12,00 mill. €",20/01/1995,26,Inglaterra,"1,82 m",Defensa central,224,"1,54",11,12,,0,16.742'
Arsenal FC,Pablo Marí,"7,00 mill. €",31/08/1993,27,España,"1,93 m",Defensa central,292,"1,62",18,2,,0,25.061'
Arsenal FC,David Luiz,"5,00 mill. €",22/04/1987,33,Brasil,"1,89 m",Defensa central,539,"2,04",36,26,,0,45.813'
Arsenal FC,Kieran Tierney,"30,00 mill. €",05/06/1997,23,Escocia,"1,80 m",Lateral izquierdo,228,"2,05",11,45,,0,18.835'
Arsenal FC,Héctor Bellerín,"25,00 mill. €",19/03/1995,26,España,"1,78 m",Lateral derecho,279,"1,81",14,36,,0,22.645'
Arsenal FC,Cédric Soares,"6,00 mill. €",31/08/1991,29,Portugal,"1,71 m",Lateral derecho,299,"1,56",6,27,,0,24.772'
Arsenal FC,Thomas Partey,"45,00 mill. €",13/06/1993,27,Ghana,"1,85 m",Pivote,311,"1,71",29,16,,0,21.290'
Arsenal FC,Granit Xhaka,"22,00 mill. €",27/09/1992,28,Suiza,"1,86 m",Pivote,455,"1,85",36,35,,0,35.614'
Arsenal FC,Mohamed Elneny,"10,00 mill. €",11/07/1992,28,Egipto,"1,79 m",Pivote,339,"1,93",18,23,,0,23.706'
Arsenal FC,Dani Ceballos,"30,00 mill. €",07/08/1996,24,España,"1,79 m",Mediocentro,233,"1,71",14,15,,0,14.369'
Arsenal FC,Martin Ødegaard,"40,00 mill. €",17/12/1998,22,Noruega,"1,78 m",Mediocentro ofensivo,228,"1,55",33,40,,0,16.652'
Arsenal FC,Emile Smith Rowe,"13,00 mill. €",28/07/2000,20,Inglaterra,"1,82 m",Mediocentro ofensivo,111,"1,83",28,17,,0,7.572'
Arsenal FC,Gabriel Martinelli,"22,00 mill. €",18/06/2001,19,Brasil,"1,80 m",Extremo izquierdo,37,"1,41",10,5,,0,1.855'
Arsenal FC,Bukayo Saka,"60,00 mill. €",05/09/2001,19,Inglaterra,"1,78 m",Extremo derecho,129,"1,74",32,35,,0,9.066'
Arsenal FC,Nicolas Pépé,"38,00 mill. €",29/05/1995,25,Costa de Marfil,"1,83 m",Extremo derecho,233,"1,57",63,35,,0,15.043'
Arsenal FC,Willian,"12,00 mill. €",09/08/1988,32,Brasil,"1,75 m",Extremo derecho,624,"2,05",103,140,,0,41.984'
Arsenal FC,Reiss Nelson,"10,00 mill. €",10/12/1999,21,Inglaterra,"1,75 m",Extremo derecho,143,"1,69",36,16,,0,8.224'
Arsenal FC,Alexandre Lacazette,"35,00 mill. €",28/05/1991,29,Francia,"1,76 m",Delantero centro,436,"1,72",190,71,,0,30.903'
Arsenal FC,Pierre-Emerick Aubameyang,"35,00 mill. €",18/06/1989,31,Gabón,"1,87 m",Delantero centro,553,"1,70",285,84,,0,41.993'
Arsenal FC,Eddie Nketiah,"18,00 mill. €",30/05/1999,21,Inglaterra,"1,80 m",Delantero centro,138,"1,86",63,13,,0,7.364'
SSC Nápoles,Alex Meret,"20,00 mill. €",22/03/1997,24,Italia,"1,90 m",Portero,157,"1,74",0,0,174,51,13.939'
SSC Nápoles,David Ospina,"5,00 mill. €",31/08/1988,32,Colombia,"1,83 m",Portero,349,"1,54",0,0,389,122,30.771'
SSC Nápoles,Nikita Contini,500 mil €,21/05/1996,24,Italia,"1,90 m",Portero,198,"1,45",0,0,248,68,17.648'
SSC Nápoles,Kalidou Koulibaly,"50,00 mill. €",20/06/1991,29,Senegal,"1,87 m",Defensa central,411,"1,84",15,10,,0,35.867'
SSC Nápoles,Konstantinos Manolas,"28,00 mill. €",14/06/1991,29,Grecia,"1,89 m",Defensa central,428,"1,86",24,8,,0,36.149'
SSC Nápoles,Nikola Maksimovic,"12,00 mill. €",25/11/1991,29,Serbia,"1,93 m",Defensa central,287,"1,66",6,9,,0,23.340'
SSC Nápoles,Amir Rrahmani,"12,00 mill. €",24/02/1994,27,Kosovo,"1,92 m",Defensa central,245,"1,71",9,7,,0,20.926'
SSC Nápoles,Mário Rui,"10,00 mill. €",27/05/1991,29,Portugal,"1,68 m",Lateral izquierdo,323,"1,44",6,16,,0,24.231'
SSC Nápoles,Faouzi Ghoulam,"3,00 mill. €",01/02/1991,30,Argelia,"1,84 m",Lateral izquierdo,297,"1,81",4,36,,0,23.156'
SSC Nápoles,Giovanni Di Lorenzo,"22,00 mill. €",04/08/1993,27,Italia,"1,83 m",Lateral derecho,372,"1,40",16,29,,0,32.161'
SSC Nápoles,Elseid Hysaj,"14,00 mill. €",02/02/1994,27,Albania,"1,82 m",Lateral derecho,350,"1,90",3,12,,0,28.948'
SSC Nápoles,Tiemoué Bakayoko,"25,00 mill. €",17/08/1994,26,Francia,"1,89 m",Pivote,263,"1,83",12,9,,0,19.239'
SSC Nápoles,Diego Demme,"15,00 mill. €",21/11/1991,29,Alemania,"1,70 m",Pivote,420,"1,60",10,25,,0,31.477'
SSC Nápoles,Stanislav Lobotka,"11,00 mill. €",25/11/1994,26,Eslovaquia,"1,72 m",Pivote,304,"1,55",6,13,,0,22.513'
SSC Nápoles,Piotr Zielinski,"46,00 mill. €",20/05/1994,26,Polonia,"1,80 m",Mediocentro,340,"1,75",45,32,,0,21.786'
SSC Nápoles,Fabián Ruiz,"44,00 mill. €",03/04/1996,24,España,"1,89 m",Mediocentro,217,"1,67",20,19,,0,15.590'
SSC Nápoles,Karim Zedadka,100 mil €,09/06/2000,20,Francia,"1,82 m",Interior izquierdo,51,"0,98",2,8,,0,3.776'
SSC Nápoles,Eljif Elmas,"18,00 mill. €",24/09/1999,21,Macedonia del Norte,"1,82 m",Mediocentro ofensivo,164,"1,65",16,10,,0,8.607'
SSC Nápoles,Lorenzo Insigne,"48,00 mill. €",04/06/1991,29,Italia,"1,63 m",Extremo izquierdo,507,"1,89",162,97,,0,36.106'
SSC Nápoles,Antonio Cioffi,400 mil €,19/12/2002,18,Italia,"1,80 m",Extremo izquierdo,53,"1,49",18,5,,0,3.445'
SSC Nápoles,Hirving Lozano,"45,00 mill. €",30/07/1995,25,México,"1,75 m",Extremo derecho,293,"1,73",101,60,,0,21.684'
SSC Nápoles,Matteo Politano,"25,00 mill. €",03/08/1993,27,Italia,"1,71 m",Extremo derecho,396,"1,65",74,37,,0,24.640'
SSC Nápoles,Victor Osimhen,"50,00 mill. €",29/12/1998,22,Nigeria,"1,86 m",Delantero centro,109,"1,59",41,11,,0,7.356'
SSC Nápoles,Andrea Petagna,"17,00 mill. €",30/06/1995,25,Italia,"1,90 m",Delantero centro,299,"1,45",74,26,,0,19.422'
SSC Nápoles,Dries Mertens,"12,00 mill. €",06/05/1987,33,Bélgica,"1,69 m",Delantero centro,635,"1,76",231,176,,0,45.621'
AC Milan,Gianluigi Donnarumma,"60,00 mill. €",25/02/1999,22,Italia,"1,96 m",Portero,251,"1,74",0,0,271,86,22.447'
AC Milan,Ciprian Tatarusanu,700 mil €,09/02/1986,35,Rumania,"1,98 m",Portero,413,"1,70",0,0,417,153,36.941'
AC Milan,Antonio Donnarumma,300 mil €,07/07/1990,30,Italia,"1,92 m",Portero,136,"1,26",0,0,182,41,12.293'
AC Milan,Alessio Romagnoli,"30,00 mill. €",12/01/1995,26,Italia,"1,85 m",Defensa central,279,"1,78",14,4,,0,23.795'
AC Milan,Fikayo Tomori,"20,00 mill. €",19/12/1997,23,Inglaterra,"1,84 m",Defensa central,192,"1,65",11,5,,0,15.784'
AC Milan,Simon Kjaer,"10,00 mill. €",26/03/1989,32,Dinamarca,"1,91 m",Defensa central,457,"1,71",21,9,,0,38.498'
AC Milan,Matteo Gabbia,"9,00 mill. €",21/10/1999,21,Italia,"1,85 m",Defensa central,120,"1,68",6,3,,0,9.400'
AC Milan,Theo Hernández,"50,00 mill. €",06/10/1997,23,Francia,"1,84 m",Lateral izquierdo,172,"1,77",17,21,,0,14.379'
AC Milan,Davide Calabria,"25,00 mill. €",06/12/1996,24,Italia,"1,76 m",Lateral derecho,194,"1,80",10,10,,0,14.801'
AC Milan,Diogo Dalot,"10,00 mill. €",18/03/1999,22,Portugal,"1,83 m",Lateral derecho,106,"1,83",7,15,,0,7.802'
AC Milan,Pierre Kalulu,"7,00 mill. €",05/06/2000,20,Francia,"1,79 m",Lateral derecho,66,"1,53",1,3,,0,5.385'
AC Milan,Ismaël Bennacer,"40,00 mill. €",01/12/1997,23,Argelia,"1,75 m",Pivote,189,"1,64",7,15,,0,14.288'
AC Milan,Sandro Tonali,"32,00 mill. €",08/05/2000,20,Italia,"1,81 m",Pivote,176,"1,41",18,18,,0,13.665'
AC Milan,Franck Kessié,"50,00 mill. €",19/12/1996,24,Costa de Marfil,"1,83 m",Mediocentro,249,"1,82",37,17,,0,20.267'
AC Milan,Rade Krunic,"6,00 mill. €",07/10/1993,27,Bosnia y Herzegovina,"1,84 m",Mediocentro,238,"1,41",22,27,,0,15.998'
AC Milan,Soualiho Meïté,"5,00 mill. €",17/03/1994,27,Francia,"1,87 m",Mediocentro,254,"1,52",8,12,,0,16.978'
AC Milan,Hakan Calhanoglu,"35,00 mill. €",08/02/1994,27,Turquía,"1,78 m",Mediocentro ofensivo,418,"1,66",92,100,,0,31.647'
AC Milan,Brahim Díaz,"14,00 mill. €",03/08/1999,21,España,"1,71 m",Mediocentro ofensivo,128,"1,97",29,20,,0,7.505'
AC Milan,Daniel Maldini,800 mil €,11/10/2001,19,Italia,"1,81 m",Mediocentro ofensivo,80,"1,89",32,5,,0,4.864'
AC Milan,Ante Rebic,"32,00 mill. €",21/09/1993,27,Croacia,"1,85 m",Extremo izquierdo,244,"1,60",61,30,,0,15.085'
AC Milan,Jens Petter Hauge,"10,00 mill. €",12/10/1999,21,Noruega,"1,84 m",Extremo izquierdo,147,"1,96",39,31,,0,6.503'
AC Milan,Alexis Saelemaekers,"18,00 mill. €",27/06/1999,21,Bélgica,"1,80 m",Extremo derecho,116,"1,63",6,17,,0,7.370'
AC Milan,Samu Castillejo,"10,00 mill. €",18/01/1995,26,España,"1,82 m",Extremo derecho,269,"1,65",22,31,,0,15.501'
AC Milan,Rafael Leão,"28,00 mill. €",10/06/1999,21,Portugal,"1,88 m",Delantero centro,119,"1,67",35,15,,0,6.454'
AC Milan,Zlatan Ibrahimovic,"5,00 mill. €",03/10/1981,39,Suecia,"1,95 m",Delantero centro,784,"2,10",484,186,,0,61.481'
AC Milan,Mario Mandzukic,"1,00 mill. €",21/05/1986,34,Croacia,"1,90 m",Delantero centro,502,"2,10",197,84,,0,38.338'
Leicester City,Kasper Schmeichel,"8,00 mill. €",05/11/1986,34,Dinamarca,"1,89 m",Portero,580,"1,64",0,0,660,197,52.187'
Leicester City,Danny Ward,"6,00 mill. €",22/06/1993,27,Gales,"1,91 m",Portero,139,"1,81",0,0,167,39,12.455'
Leicester City,Eldin Jakupovic,400 mil €,02/10/1984,36,Suiza,"1,91 m",Portero,272,"1,56",1,0,331,94,24.451'
Leicester City,Caglar Söyüncü,"40,00 mill. €",23/05/1996,24,Turquía,"1,87 m",Defensa central,171,"1,51",4,2,,0,14.178'
Leicester City,Wesley Fofana,"30,00 mill. €",17/12/2000,20,Francia,"1,90 m",Defensa central,58,"1,81",2,1,,0,4.768'
Leicester City,Jonny Evans,"7,00 mill. €",03/01/1988,33,Irlanda del Norte,"1,88 m",Defensa central,450,"1,77",19,14,,0,37.741'
Leicester City,Wes Morgan,500 mil €,21/01/1984,37,Jamaica,"1,85 m",Defensa central,704,"1,53",27,7,,0,60.402'
Leicester City,Luke Thomas,"3,00 mill. €",10/06/2001,19,Inglaterra,"1,81 m",Lateral izquierdo,87,"1,56",9,7,,0,6.967'
Leicester City,Christian Fuchs,"1,00 mill. €",07/04/1986,34,Austria,"1,87 m",Lateral izquierdo,533,"1,56",32,83,,0,41.974'
Leicester City,Ricardo Pereira,"30,00 mill. €",06/10/1993,27,Portugal,"1,75 m",Lateral derecho,275,"1,85",20,30,,0,22.476'
Leicester City,Timothy Castagne,"24,00 mill. €",05/12/1995,25,Bélgica,"1,80 m",Lateral derecho,218,"1,87",12,17,,0,17.145'
Leicester City,James Justin,"17,00 mill. €",23/02/1998,23,Inglaterra,"1,83 m",Lateral derecho,165,"1,97",10,17,,0,12.733'
Leicester City,Wilfred Ndidi,"50,00 mill. €",16/12/1996,24,Nigeria,"1,83 m",Pivote,248,"1,68",16,13,,0,20.947'
Leicester City,Hamza Choudhury,"8,00 mill. €",01/10/1997,23,Inglaterra,"1,78 m",Pivote,156,"1,54",3,6,,0,9.656'
Leicester City,Nampalys Mendy,"8,00 mill. €",23/06/1992,28,Senegal,"1,67 m",Pivote,297,"1,49",1,6,,0,22.947'
Leicester City,Daniel Amartey,"5,00 mill. €",21/12/1994,26,Ghana,"1,86 m",Pivote,189,"1,74",9,6,,0,14.723'
Leicester City,Youri Tielemans,"55,00 mill. €",07/05/1997,23,Bélgica,"1,76 m",Mediocentro,347,"1,74",57,52,,0,26.684'
Leicester City,Dennis Praet,"20,00 mill. €",14/05/1994,26,Bélgica,"1,81 m",Mediocentro,349,"1,67",34,50,,0,24.815'
Leicester City,Marc Albrighton,"5,00 mill. €",18/11/1989,31,Inglaterra,"1,75 m",Interior derecho,376,"1,55",30,69,,0,24.124'
Leicester City,Harvey Barnes,"35,00 mill. €",09/12/1997,23,Inglaterra,"1,82 m",Interior izquierdo,213,"1,49",53,37,,0,14.828'
Leicester City,James Maddison,"60,00 mill. €",23/11/1996,24,Inglaterra,"1,75 m",Mediocentro ofensivo,221,"1,57",51,46,,0,15.753'
Leicester City,Cengiz Ünder,"20,00 mill. €",14/07/1997,23,Turquía,"1,73 m",Extremo derecho,208,"1,69",39,31,,0,13.036'
Leicester City,Ayoze Pérez,"18,00 mill. €",29/07/1993,27,España,"1,78 m",Mediapunta,312,"1,46",76,29,,0,20.473'
Leicester City,Kelechi Iheanacho,"15,00 mill. €",03/10/1996,24,Nigeria,"1,85 m",Delantero centro,190,"1,57",58,29,,0,8.000'
Leicester City,Jamie Vardy,"10,00 mill. €",11/01/1987,34,Inglaterra,"1,79 m",Delantero centro,381,"1,67",178,76,,0,29.804'
Everton FC,Jordan Pickford,"22,00 mill. €",07/03/1994,27,Inglaterra,"1,85 m",Portero,335,"1,26",0,0,458,99,29.995'
Everton FC,Robin Olsen,"4,00 mill. €",08/01/1990,31,Suecia,"1,96 m",Portero,265,"1,83",0,0,295,95,23.760'
Everton FC,João Virgínia,500 mil €,10/10/1999,21,Portugal,"1,92 m",Portero,70,"1,87",0,0,86,26,6.317'
Everton FC,Michael Keane,"28,00 mill. €",11/01/1993,28,Inglaterra,"1,88 m",Defensa central,349,"1,56",28,13,,0,29.984'
Everton FC,Ben Godfrey,"25,00 mill. €",15/01/1998,23,Inglaterra,"1,86 m",Defensa central,195,"1,39",7,3,,0,15.529'
Everton FC,Yerry Mina,"20,00 mill. €",23/09/1994,26,Colombia,"1,95 m",Defensa central,205,"1,75",25,5,,0,16.156'
Everton FC,Mason Holgate,"18,00 mill. €",22/10/1996,24,Inglaterra,"1,87 m",Defensa central,171,"1,60",7,9,,0,14.017'
Everton FC,Lucas Digne,"35,00 mill. €",20/07/1993,27,Francia,"1,78 m",Lateral izquierdo,296,"1,85",13,34,,0,24.551'
Everton FC,Niels Nkounkou,"3,00 mill. €",01/11/2000,20,Francia,"1,80 m",Lateral izquierdo,50,"1,24",4,6,,0,3.844'
Everton FC,Seamus Coleman,"7,00 mill. €",11/10/1988,32,Irlanda,"1,77 m",Lateral derecho,419,"1,56",29,35,,0,33.803'
Everton FC,Jean-Philippe Gbamin,"18,00 mill. €",25/09/1995,25,Costa de Marfil,"1,86 m",,0,0,0,0,0,0,0
Everton FC,Abdoulaye Doucouré,"25,00 mill. €",01/01/1993,28,Francia,"1,83 m",Mediocentro,278,"1,33",36,32,,0,21.995'
Everton FC,Allan,"22,00 mill. €",08/01/1991,30,Brasil,"1,75 m",Mediocentro,409,"1,83",14,32,,0,28.940'
Everton FC,André Gomes,"20,00 mill. €",30/07/1993,27,Portugal,"1,88 m",Mediocentro,289,"1,91",25,25,,0,18.789'
Everton FC,Tom Davies,"16,00 mill. €",30/06/1998,22,Inglaterra,"1,80 m",Mediocentro,176,"1,61",7,10,,0,11.577'
Everton FC,Fabian Delph,"5,00 mill. €",21/11/1989,31,Inglaterra,"1,74 m",Mediocentro,309,"1,62",19,12,,0,22.232'
Everton FC,James Rodríguez,"30,00 mill. €",12/07/1991,29,Colombia,"1,81 m",Mediocentro ofensivo,409,"2,21",109,132,,0,27.314'
Everton FC,Gylfi Sigurdsson,"15,00 mill. €",08/09/1989,31,Islandia,"1,86 m",Mediocentro ofensivo,470,"1,43",115,76,,0,33.731'
Everton FC,Richarlison,"60,00 mill. €",10/05/1997,23,Brasil,"1,84 m",Extremo izquierdo,220,"1,42",66,25,,0,16.814'
Everton FC,Alex Iwobi,"22,00 mill. €",03/05/1996,24,Nigeria,"1,83 m",Extremo izquierdo,265,"1,69",35,38,,0,16.744'
Everton FC,Bernard,"12,00 mill. €",08/09/1992,28,Brasil,"1,64 m",Extremo izquierdo,311,"1,87",52,61,,0,19.340'
Everton FC,Joshua King,"10,00 mill. €",15/01/1992,29,Noruega,"1,87 m",Mediapunta,329,"1,29",72,41,,0,21.566'
Everton FC,Dominic Calvert-Lewin,"45,00 mill. €",16/03/1997,24,Inglaterra,"1,87 m",Delantero centro,212,"1,51",63,18,,0,12.797'
Wolverhampton Wanderers,Rui Patrício,"10,00 mill. €",15/02/1988,33,Portugal,"1,90 m",Portero,582,"1,81",0,0,583,215,52.422'
Wolverhampton Wanderers,John Ruddy,"1,00 mill. €",24/10/1986,34,Inglaterra,"1,92 m",Portero,453,"1,48",0,0,568,143,40.652'
Wolverhampton Wanderers,Conor Coady,"22,00 mill. €",25/02/1993,28,Inglaterra,"1,85 m",Defensa central,415,"1,58",20,15,,0,35.316'
Wolverhampton Wanderers,Willy Boly,"14,00 mill. €",03/02/1991,30,Costa de Marfil,"1,95 m",Defensa central,313,"1,58",15,6,,0,27.315'
Wolverhampton Wanderers,Romain Saïss,"10,00 mill. €",26/03/1990,31,Marruecos,"1,88 m",Defensa central,317,"1,48",17,11,,0,25.513'
Wolverhampton Wanderers,Max Kilman,"4,50 mill. €",23/05/1997,23,Inglaterra,"1,92 m",Defensa central,84,"1,58",3,2,,0,6.545'
Wolverhampton Wanderers,Rayan Aït Nouri,"20,00 mill. €",06/06/2001,19,Francia,"1,79 m",Lateral izquierdo,39,"1,21",1,5,,0,2.449'
Wolverhampton Wanderers,Jonny Otto,"15,00 mill. €",03/03/1994,27,España,"1,75 m",Lateral izquierdo,339,"1,44",8,17,,0,27.494'
Wolverhampton Wanderers,Marçal,"1,80 mill. €",19/02/1989,32,Brasil,"1,78 m",Lateral izquierdo,262,"1,55",3,18,,0,21.293'
Wolverhampton Wanderers,Nélson Semedo,"32,00 mill. €",16/11/1993,27,Portugal,"1,77 m",Lateral derecho,279,"2,06",10,33,,0,21.370'
Wolverhampton Wanderers,Ki-Jana Hoever,"7,00 mill. €",18/01/2002,19,Países Bajos,"1,83 m",Lateral derecho,62,"1,79",3,1,,0,4.452'
Wolverhampton Wanderers,Rúben Neves,"50,00 mill. €",13/03/1997,24,Portugal,"1,80 m",Pivote,261,"1,85",24,13,,0,18.597'
Wolverhampton Wanderers,Leander Dendoncker,"32,00 mill. €",15/04/1995,25,Bélgica,"1,88 m",Pivote,301,"1,78",20,5,,0,24.109'
Wolverhampton Wanderers,Owen Otasowie,"1,50 mill. €",06/01/2001,20,Estados Unidos,"1,88 m",Pivote,39,"1,03",1,2,,0,2.199'
Wolverhampton Wanderers,Morgan Gibbs-White,"6,00 mill. €",27/01/2000,21,Inglaterra,"1,71 m",Mediocentro,99,"1,62",4,7,,0,4.261'
Wolverhampton Wanderers,Vitinha,"6,00 mill. €",13/02/2000,21,Portugal,"1,72 m",Mediocentro,54,"1,63",10,7,,0,2.198'
Wolverhampton Wanderers,João Moutinho,"4,00 mill. €",08/09/1986,34,Portugal,"1,70 m",Mediocentro,724,"1,95",51,118,,0,59.242'
Wolverhampton Wanderers,Pedro Neto,"35,00 mill. €",09/03/2000,21,Portugal,"1,72 m",Extremo izquierdo,96,"1,39",12,10,,0,5.310'
Wolverhampton Wanderers,Adama Traoré,"35,00 mill. €",25/01/1996,25,España,"1,78 m",Extremo derecho,284,"1,31",25,51,,0,17.419'
Wolverhampton Wanderers,Daniel Podence,"25,00 mill. €",21/10/1995,25,Portugal,"1,65 m",Extremo derecho,238,"1,82",30,42,,0,15.611'
Wolverhampton Wanderers,Raúl Jiménez,"35,00 mill. €",05/05/1991,29,México,"1,88 m",Delantero centro,361,"1,89",117,51,,0,21.919'
Wolverhampton Wanderers,Fábio Silva,"25,00 mill. €",19/07/2002,18,Portugal,"1,85 m",Delantero centro,61,"1,77",12,6,,0,2.787'
Wolverhampton Wanderers,Willian José,"20,00 mill. €",23/11/1991,29,Brasil,"1,89 m",Delantero centro,358,"1,34",101,24,,0,22.033'
Wolverhampton Wanderers,Renat Dadashov,300 mil €,17/05/1999,21,Azerbaiyán,"1,86 m",,0,0,0,0,0,0,0
